id,title,album_id,created_at
1,Taste,1,2025-10-21 02:03:18
2,Tears,2,2025-10-21 02:03:18
3,When Did You Get Hot?,2,2025-10-21 02:03:18
4,Bed Chem,1,2025-10-21 02:03:18
5,Nonsense,3,2025-10-21 02:03:18
6,House Tour,2,2025-10-21 02:03:18
7,Thumbs,4,2025-10-21 02:03:18
8,Espresso,5,2025-10-21 02:03:18
9,Don’t Smile,1,2025-10-21 02:03:18
10,Sue Me,6,2025-10-21 02:03:18
11,Please Please Please,1,2025-10-21 02:03:18
12,Slim Pickins,1,2025-10-21 02:03:18
13,Coincidence,1,2025-10-21 02:03:18
14,Why,7,2025-10-21 02:03:18
15,Skin,8,2025-10-21 02:03:18
16,Looking at Me,9,2025-10-21 02:03:18
17,Taste,10,2025-10-21 02:03:18
18,Feather,11,2025-10-21 02:03:18
19,Bed Chem,1,2025-10-21 02:03:18
20,Manchild,12,2025-10-21 02:03:18
21,Nonsense,11,2025-10-21 02:03:18
22,Can't Blame a Girl for Trying,13,2025-10-21 02:03:18
23,Bed Chem,10,2025-10-21 02:03:18
24,Paris,6,2025-10-21 02:03:18
25,Almost Love,6,2025-10-21 02:03:18
26,Please Please Please,14,2025-10-21 02:03:18
27,Eyes Wide Open,13,2025-10-21 02:03:18
28,Taste,1,2025-10-21 02:03:18
29,Exhale,9,2025-10-21 02:03:18
30,Bad Reviews,10,2025-10-21 02:03:18
31,opposite,15,2025-10-21 02:03:18
32,Espresso,1,2025-10-21 02:03:18
33,On Purpose,4,2025-10-21 02:03:18
34,The Life of a Showgirl (feat. Sabrina Carpenter),16,2025-10-21 02:03:18
35,Read your Mind,3,2025-10-21 02:03:18
36,A Nonsense Christmas,17,2025-10-21 02:03:18
37,Honeymoon Fades,18,2025-10-21 02:03:18
38,santa doesn’t know you like i do,19,2025-10-21 02:03:18
39,When Did You Get Hot?,2,2025-10-21 02:03:18
40,Alien,20,2025-10-21 02:03:18
41,because i liked a boy,11,2025-10-21 02:03:18
42,Don’t Smile,10,2025-10-21 02:03:18
43,"You're a Mean One, Mr. Grinch (feat. Sabrina Carpenter)",21,2025-10-21 02:03:18
44,Nonsense,15,2025-10-21 02:03:18
45,WOW (feat. Sabrina Carpenter) [Remix],22,2025-10-21 02:03:18
46,Slim Pickins,10,2025-10-21 02:03:18
47,Good Graces,1,2025-10-21 02:03:18
48,Smoke and Fire,23,2025-10-21 02:03:18
49,cindy lou who,19,2025-10-21 02:03:18
50,Read your Mind,15,2025-10-21 02:03:18
51,Close To You,24,2025-10-21 02:03:18
52,"I miss you, I’m sorry",25,2025-10-21 02:03:18
53,I Told You Things,26,2025-10-21 02:03:18
54,Risk,24,2025-10-21 02:03:18
55,I know it won't work,27,2025-10-21 02:03:18
56,Blowing Smoke,24,2025-10-21 02:03:18
57,That’s So True,26,2025-10-21 02:03:18
58,Free Now,24,2025-10-21 02:03:18
59,"Everywhere, Everything",28,2025-10-21 02:03:18
60,"I Knew It, I Know You",24,2025-10-21 02:03:18
61,21,29,2025-10-21 02:03:18
62,Mess It Up,30,2025-10-21 02:03:18
63,Stay,31,2025-10-21 02:03:18
64,Mean It,32,2025-10-21 02:03:18
65,Friend,33,2025-10-21 02:03:18
66,"I Love You, I'm Sorry",24,2025-10-21 02:03:18
67,Feels Like,34,2025-10-21 02:03:18
68,Where do we go now?,27,2025-10-21 02:03:18
69,"I miss you, I’m sorry",33,2025-10-21 02:03:18
70,Call Me When You Break Up,35,2025-10-21 02:03:18
71,Risk,26,2025-10-21 02:03:18
72,Brush Fire,36,2025-10-21 02:03:18
73,Difficult,37,2025-10-21 02:03:18
74,minor,33,2025-10-21 02:03:18
75,Packing It Up,26,2025-10-21 02:03:18
76,21,33,2025-10-21 02:03:18
77,Free Now (Live From Vevo),26,2025-10-21 02:03:18
78,Close To You,26,2025-10-21 02:03:18
79,I know it won't work,37,2025-10-21 02:03:18
80,Normal Thing,24,2025-10-21 02:03:18
81,Best,27,2025-10-21 02:03:18
82,"I Knew It, I Know You",26,2025-10-21 02:03:18
83,Gave You I Gave You I,24,2025-10-21 02:03:18
84,Free Now,26,2025-10-21 02:03:18
85,Felt Good About You,24,2025-10-21 02:03:18
86,Good Luck Charlie,24,2025-10-21 02:03:18
87,Blowing Smoke,26,2025-10-21 02:03:18
88,Feels Like,38,2025-10-21 02:03:18
89,Long Sleeves,33,2025-10-21 02:03:18
90,Where do we go now?,37,2025-10-21 02:03:18
91,Gave You I Gave You I,26,2025-10-21 02:03:18
92,"I Knew It, I Know You (Live From Vevo)",26,2025-10-21 02:03:18
93,Felt Good About You,26,2025-10-21 02:03:18
94,Feels Like,38,2025-10-21 02:03:18
95,Block me out,39,2025-10-21 02:03:18
96,Normal Thing,26,2025-10-21 02:03:18
97,tehe,33,2025-10-21 02:03:18
98,For Real This Time,38,2025-10-21 02:03:18
99,Under / Over,33,2025-10-21 02:03:18
100,"Everywhere, Everything",40,2025-10-21 02:03:18
101,Pink Pony Club,41,2025-10-21 02:03:18
102,"Good Luck, Babe!",42,2025-10-21 02:03:18
103,HOT TO GO!,43,2025-10-21 02:03:18
104,The Giver,44,2025-10-21 02:03:18
105,My Kink Is Karma,43,2025-10-21 02:03:18
106,Super Graphic Ultra Modern Girl,43,2025-10-21 02:03:18
107,Picture You,43,2025-10-21 02:03:18
108,After Midnight,43,2025-10-21 02:03:18
109,Love Me Anyway,45,2025-10-21 02:03:18
110,Kaleidoscope,43,2025-10-21 02:03:18
111,California,43,2025-10-21 02:03:18
112,Guilty Pleasure,43,2025-10-21 02:03:18
113,Coffee,43,2025-10-21 02:03:18
114,Pink Pony Club,43,2025-10-21 02:03:18
115,My Kink Is Karma,43,2025-10-21 02:03:18
116,Pink Pony Club,43,2025-10-21 02:03:18
117,HOT TO GO!,43,2025-10-21 02:03:18
118,School Nights,46,2025-10-21 02:03:18
119,Good Hurt,47,2025-10-21 02:03:18
120,Sugar High,47,2025-10-21 02:03:18
121,Super Graphic Ultra Modern Girl,43,2025-10-21 02:03:18
122,After Midnight,43,2025-10-21 02:03:18
123,Bitter,48,2025-10-21 02:03:18
124,Die Young,47,2025-10-21 02:03:18
125,Kaleidoscope,43,2025-10-21 02:03:18
126,California,43,2025-10-21 02:03:18
127,Picture You,43,2025-10-21 02:03:18
128,Meantime,47,2025-10-21 02:03:18
129,Red Wine Supernova,43,2025-10-21 02:03:18
130,Bad for You,47,2025-10-21 02:03:18
131,Guilty Pleasure,43,2025-10-21 02:03:18
132,"Good Luck, Babe!",49,2025-10-21 02:03:18
133,Casual,43,2025-10-21 02:03:18
134,Coffee,43,2025-10-21 02:03:18
135,Kaleidoscope,50,2025-10-21 02:03:18
136,Femininomenon,43,2025-10-21 02:03:18
137,The Subway,51,2025-10-21 02:03:18
138,Naked In Manhattan,43,2025-10-21 02:03:18
139,Pink Pony Club,52,2025-10-21 02:03:18
140,My Kink Is Karma,53,2025-10-21 02:03:18
141,Die Young (Acoustic),48,2025-10-21 02:03:18
142,"Good Luck, Babe!",54,2025-10-21 02:03:18
143,HOT TO GO!,55,2025-10-21 02:03:18
144,HOT TO GO!,56,2025-10-21 02:03:18
145,Pink Pony Club,57,2025-10-21 02:03:18
146,California,58,2025-10-21 02:03:18
147,"Good Luck, Babe!",55,2025-10-21 02:03:18
148,"Good Luck, Babe!",59,2025-10-21 02:03:18
149,"Good Luck, Babe! (Mixed)",60,2025-10-21 02:03:18
150,"Good Luck, Babe! (COASTR. & Leondis Remix) [Mixed]",61,2025-10-21 02:03:18
151,Bad at Love,62,2025-10-21 02:03:18
152,Closer (feat. Halsey),63,2025-10-21 02:03:18
153,Eastside,64,2025-10-21 02:03:18
154,Now or Never,62,2025-10-21 02:03:18
155,Graveyard,65,2025-10-21 02:03:18
156,Colors,66,2025-10-21 02:03:18
157,I'm Not Mad,67,2025-10-21 02:03:18
158,Castle,66,2025-10-21 02:03:18
159,Hold Me Down,66,2025-10-21 02:03:18
160,Castle,68,2025-10-21 02:03:18
161,New Americana,66,2025-10-21 02:03:18
162,Colors,68,2025-10-21 02:03:18
163,the other girl (with Halsey),69,2025-10-21 02:03:18
164,Control,68,2025-10-21 02:03:18
165,Be Kind,70,2025-10-21 02:03:18
166,Boy With Luv (feat. Halsey),71,2025-10-21 02:03:18
167,New Americana,68,2025-10-21 02:03:18
168,Hold Me Down,68,2025-10-21 02:03:18
169,Alone,62,2025-10-21 02:03:18
170,Hurricane,66,2025-10-21 02:03:18
171,Sorry,62,2025-10-21 02:03:18
172,Could Have Been Me,72,2025-10-21 02:03:18
173,Eastside (Acoustic),73,2025-10-21 02:03:18
174,Eyes Closed,62,2025-10-21 02:03:18
175,Eastside,74,2025-10-21 02:03:18
176,Bad At Love,67,2025-10-21 02:03:18
177,Control,66,2025-10-21 02:03:18
178,Alone (feat. Big Sean & Stefflon Don),75,2025-10-21 02:03:18
179,So Good,76,2025-10-21 02:03:18
180,The Feeling (feat. Halsey),77,2025-10-21 02:03:18
181,Ghost,66,2025-10-21 02:03:18
182,Still Learning,78,2025-10-21 02:03:18
183,Strangers (feat. Lauren Jauregui),62,2025-10-21 02:03:18
184,Closer (feat. Halsey) [R3hab Remix],79,2025-10-21 02:03:18
185,Ghost,68,2025-10-21 02:03:18
186,Garden,66,2025-10-21 02:03:18
187,Colors,67,2025-10-21 02:03:18
188,Boy With Luv (feat. Halsey),80,2025-10-21 02:03:18
189,Eastside,64,2025-10-21 02:03:18
190,Graveyard,78,2025-10-21 02:03:18
191,New Americana,67,2025-10-21 02:03:18
192,Drive,66,2025-10-21 02:03:18
193,Not Afraid Anymore,81,2025-10-21 02:03:18
194,Drive,68,2025-10-21 02:03:18
195,Roman Holiday,68,2025-10-21 02:03:18
196,Lie (feat. Quavo),62,2025-10-21 02:03:18
197,Sorry,67,2025-10-21 02:03:18
198,Coming Down,66,2025-10-21 02:03:18
199,Sports car,82,2025-10-21 02:03:18
200,What I Want,83,2025-10-21 02:03:18
201,Just Keep Watching,84,2025-10-21 02:03:18
202,she's all i wanna be,85,2025-10-21 02:03:18
203,Siren sounds (bonus),82,2025-10-21 02:03:18
204,that way,86,2025-10-21 02:03:18
205,Purple lace bra,82,2025-10-21 02:03:18
206,Dear god,82,2025-10-21 02:03:18
207,10:35,87,2025-10-21 02:03:18
208,rubberband,88,2025-10-21 02:03:18
209,One Day,89,2025-10-21 02:03:18
210,stupid,90,2025-10-21 02:03:18
211,cut my hair,91,2025-10-21 02:03:18
212,lie to me,92,2025-10-21 02:03:18
213,she's all i wanna be,93,2025-10-21 02:03:18
214,greedy,91,2025-10-21 02:03:18
215,Teenage Mind,94,2025-10-21 02:03:18
216,don't come back,93,2025-10-21 02:03:18
217,stupid,86,2025-10-21 02:03:18
218,Sports car,82,2025-10-21 02:03:18
219,plastic palm trees,91,2025-10-21 02:03:18
220,Just Keep Watching (From F1® The Movie),95,2025-10-21 02:03:18
221,vicious,96,2025-10-21 02:03:18
222,bad ones,88,2025-10-21 02:03:18
223,No I'm not in love,82,2025-10-21 02:03:18
224,Purple lace bra,82,2025-10-21 02:03:18
225,rubberband,97,2025-10-21 02:03:18
226,Dear god,82,2025-10-21 02:03:18
227,slower,98,2025-10-21 02:03:18
228,don't come back,93,2025-10-21 02:03:18
229,wish i loved you in the 90s,88,2025-10-21 02:03:18
230,slower,88,2025-10-21 02:03:18
231,greedy,99,2025-10-21 02:03:18
232,exes,100,2025-10-21 02:03:18
233,exes,91,2025-10-21 02:03:18
234,don't be sad,101,2025-10-21 02:03:18
235,tear myself apart,102,2025-10-21 02:03:18
236,go away,93,2025-10-21 02:03:18
237,You,103,2025-10-21 02:03:18
238,No I'm not in love,82,2025-10-21 02:03:18
239,that way,104,2025-10-21 02:03:18
240,she's all i wanna be,93,2025-10-21 02:03:18
241,Hung up on You,105,2025-10-21 02:03:18
242,Revolving door,82,2025-10-21 02:03:18
243,happy face,86,2025-10-21 02:03:18
244,run for the hills,91,2025-10-21 02:03:18
245,boy x,93,2025-10-21 02:03:18
246,It's ok I'm ok,106,2025-10-21 02:03:18
247,What I Want,83,2025-10-21 02:03:18
248,10:35,87,2025-10-21 02:03:18
249,Vodka Cranberry,107,2025-10-21 02:03:18
250,Heather,108,2025-10-21 02:03:18
251,The Cut That Always Bleeds,108,2025-10-21 02:03:18
252,Maniac,108,2025-10-21 02:03:18
253,Memories,109,2025-10-21 02:03:18
254,Family Line,110,2025-10-21 02:03:18
255,People Watching,111,2025-10-21 02:03:18
256,Nauseous,107,2025-10-21 02:03:18
257,The Exit,110,2025-10-21 02:03:18
258,Astronomy,112,2025-10-21 02:03:18
259,Crush Culture,113,2025-10-21 02:03:18
260,Lookalike,113,2025-10-21 02:03:18
261,The Story,108,2025-10-21 02:03:18
262,Generation Why,113,2025-10-21 02:03:18
263,Maniac,108,2025-10-21 02:03:18
264,Greek God,113,2025-10-21 02:03:18
265,This Song,107,2025-10-21 02:03:18
266,Fight or Flight,108,2025-10-21 02:03:18
267,Telepath,114,2025-10-21 02:03:18
268,The King,115,2025-10-21 02:03:18
269,Bourgeoisieses,116,2025-10-21 02:03:18
270,Disaster,110,2025-10-21 02:03:18
271,Memories,110,2025-10-21 02:03:18
272,Idle Town,113,2025-10-21 02:03:18
273,Affluenza,108,2025-10-21 02:03:18
274,Family Line,110,2025-10-21 02:03:18
275,Comfort Crowd,108,2025-10-21 02:03:18
276,The Other Side,117,2025-10-21 02:03:18
277,Checkmate,108,2025-10-21 02:03:18
278,Movies,110,2025-10-21 02:03:18
279,Heather,108,2025-10-21 02:03:18
280,Alley Rose,116,2025-10-21 02:03:18
281,Little League,108,2025-10-21 02:03:18
282,Lonely Dancers,116,2025-10-21 02:03:18
283,Astronomy,110,2025-10-21 02:03:18
284,People Watching,110,2025-10-21 02:03:18
285,Grow,118,2025-10-21 02:03:18
286,Footnote,110,2025-10-21 02:03:18
287,Checkmate,108,2025-10-21 02:03:18
288,Maniac,119,2025-10-21 02:03:18
289,(Online Love),108,2025-10-21 02:03:18
290,Comfort Crowd,108,2025-10-21 02:03:18
291,Summer Child,110,2025-10-21 02:03:18
292,Killing Me,116,2025-10-21 02:03:18
293,The Story,108,2025-10-21 02:03:18
294,Never Ending Song,120,2025-10-21 02:03:18
295,People Watching,110,2025-10-21 02:03:18
296,Heather,119,2025-10-21 02:03:18
297,People Watching,121,2025-10-21 02:03:18
298,Stressed Out,122,2025-10-21 02:03:18
299,Ride,122,2025-10-21 02:03:18
300,Heathens,123,2025-10-21 02:03:18
301,Chlorine,124,2025-10-21 02:03:18
302,Car Radio,125,2025-10-21 02:03:18
303,Tear in My Heart,122,2025-10-21 02:03:18
304,Doubt,122,2025-10-21 02:03:18
305,Heavydirtysoul,122,2025-10-21 02:03:18
306,Drum Show,126,2025-10-21 02:03:18
307,Routines In The Night,127,2025-10-21 02:03:18
308,House of Gold,125,2025-10-21 02:03:18
309,Lane Boy,122,2025-10-21 02:03:18
310,Level of Concern,128,2025-10-21 02:03:18
311,Holding On To You,125,2025-10-21 02:03:18
312,The Judge,122,2025-10-21 02:03:18
313,Migraine,125,2025-10-21 02:03:18
314,Polarize,122,2025-10-21 02:03:18
315,Hometown,122,2025-10-21 02:03:18
316,Jumpsuit,124,2025-10-21 02:03:18
317,Message Man,122,2025-10-21 02:03:18
318,City Walls,126,2025-10-21 02:03:18
319,My Blood,124,2025-10-21 02:03:18
320,Trees,125,2025-10-21 02:03:18
321,Saturday,129,2025-10-21 02:03:18
322,Nico And The Niners,124,2025-10-21 02:03:18
323,Fairly Local,122,2025-10-21 02:03:18
324,Overcompensate,127,2025-10-21 02:03:18
325,Guns For Hands,125,2025-10-21 02:03:18
326,Shy Away,129,2025-10-21 02:03:18
327,We Don't Believe What's on TV,122,2025-10-21 02:03:18
328,Ode To Sleep,125,2025-10-21 02:03:18
329,The Hype,124,2025-10-21 02:03:18
330,The Line (from the series Arcane League of Legends),130,2025-10-21 02:03:18
331,Not Today,122,2025-10-21 02:03:18
332,Goner,122,2025-10-21 02:03:18
333,Fake You Out,125,2025-10-21 02:03:18
334,Cancer,131,2025-10-21 02:03:18
335,Levitate,124,2025-10-21 02:03:18
336,Addict With A Pen,132,2025-10-21 02:03:18
337,Screen,125,2025-10-21 02:03:18
338,Semi-Automatic,125,2025-10-21 02:03:18
339,Fall Away,132,2025-10-21 02:03:18
340,Pet Cheetah,124,2025-10-21 02:03:18
341,The Run and Go,125,2025-10-21 02:03:18
342,Smithereens,124,2025-10-21 02:03:18
343,The Craving (single version),133,2025-10-21 02:03:18
344,Morph,124,2025-10-21 02:03:18
345,Oh Ms Believer,132,2025-10-21 02:03:18
346,Truce,125,2025-10-21 02:03:18
347,Cut My Lip,124,2025-10-21 02:03:18
348,Cruel Summer,134,2025-10-21 02:03:18
349,Shake It Off,135,2025-10-21 02:03:18
350,Love Story,136,2025-10-21 02:03:18
351,Blank Space,135,2025-10-21 02:03:18
352,You Belong With Me,136,2025-10-21 02:03:18
353,Our Song,137,2025-10-21 02:03:18
354,Bad Blood,135,2025-10-21 02:03:18
355,You Need To Calm Down,134,2025-10-21 02:03:18
356,Wildest Dreams,135,2025-10-21 02:03:18
357,I Knew You Were Trouble,138,2025-10-21 02:03:18
358,We Are Never Ever Getting Back Together,138,2025-10-21 02:03:18
359,Lover,134,2025-10-21 02:03:18
360,22,138,2025-10-21 02:03:18
361,Look What You Made Me Do,139,2025-10-21 02:03:18
362,You Belong With Me,140,2025-10-21 02:03:18
363,...Ready For It?,139,2025-10-21 02:03:18
364,Anti-Hero,141,2025-10-21 02:03:18
365,Delicate,139,2025-10-21 02:03:18
366,Elizabeth Taylor,16,2025-10-21 02:03:18
367,Style,135,2025-10-21 02:03:18
368,Enchanted,142,2025-10-21 02:03:18
369,Opalite,16,2025-10-21 02:03:18
370,The Fate of Ophelia,16,2025-10-21 02:03:18
371,The Man,134,2025-10-21 02:03:18
372,Love Story (Taylor’s Version),143,2025-10-21 02:03:18
373,I Don’t Wanna Live Forever (Fifty Shades Darker),144,2025-10-21 02:03:18
374,Elizabeth Taylor,16,2025-10-21 02:03:18
375,Back to December,142,2025-10-21 02:03:18
376,Don’t Blame Me,139,2025-10-21 02:03:18
377,ME! (feat. Brendon Urie of Panic! At The Disco),134,2025-10-21 02:03:18
378,Taylor Swift,145,2025-10-21 02:03:18
379,cardigan,146,2025-10-21 02:03:18
380,You Belong With Me (Taylor’s Version),143,2025-10-21 02:03:18
381,Paper Rings,134,2025-10-21 02:03:18
382,Picture to Burn,137,2025-10-21 02:03:18
383,End Game (feat. Ed Sheeran & Future),139,2025-10-21 02:03:18
384,Anti-Hero,147,2025-10-21 02:03:18
385,Fortnight (feat. Post Malone),148,2025-10-21 02:03:18
386,Mean,142,2025-10-21 02:03:18
387,Taylor Swift,149,2025-10-21 02:03:18
388,august,146,2025-10-21 02:03:18
389,Enchanted (Taylor's Version),150,2025-10-21 02:03:18
390,The Fate of Ophelia,16,2025-10-21 02:03:18
391,Ruin The Friendship,16,2025-10-21 02:03:18
392,Getaway Car,139,2025-10-21 02:03:18
393,Who’s Afraid of Little Old Me?,148,2025-10-21 02:03:18
394,Opalite,16,2025-10-21 02:03:18
395,Miss Americana & The Heartbreak Prince,134,2025-10-21 02:03:18
396,I Did Something Bad,139,2025-10-21 02:03:18
397,Style,151,2025-10-21 02:03:18
398,Billie Jean,152,2025-10-21 02:03:18
399,Beat It,152,2025-10-21 02:03:18
400,Thriller,152,2025-10-21 02:03:18
401,Rock With You,153,2025-10-21 02:03:18
402,Smooth Criminal,154,2025-10-21 02:03:18
403,Man In the Mirror,154,2025-10-21 02:03:18
404,Dirty Diana,154,2025-10-21 02:03:18
405,P.Y.T. (Pretty Young Thing),154,2025-10-21 02:03:18
406,Remember the Time,155,2025-10-21 02:03:18
407,Don't Stop 'Til You Get Enough,153,2025-10-21 02:03:18
408,The Way You Make Me Feel (Single Version),154,2025-10-21 02:03:18
409,You Rock My World,154,2025-10-21 02:03:18
410,Bad,154,2025-10-21 02:03:18
411,Human Nature,152,2025-10-21 02:03:18
412,Chicago,156,2025-10-21 02:03:18
413,Heaven Can Wait,157,2025-10-21 02:03:18
414,They Don't Care About Us,158,2025-10-21 02:03:18
415,Wanna Be Startin' Somethin',152,2025-10-21 02:03:18
416,The Way You Make Me Feel,159,2025-10-21 02:03:18
417,Don’t Matter To Me,160,2025-10-21 02:03:18
418,Black or White,154,2025-10-21 02:03:18
419,You Rock My World,157,2025-10-21 02:03:18
420,Butterflies,157,2025-10-21 02:03:18
421,You Are Not Alone (Single Version),154,2025-10-21 02:03:18
422,The Girl Is Mine,152,2025-10-21 02:03:18
423,The Lady in My Life,152,2025-10-21 02:03:18
424,They Don't Care About Us,161,2025-10-21 02:03:18
425,Love Never Felt So Good,162,2025-10-21 02:03:18
426,Smooth Criminal,159,2025-10-21 02:03:18
427,Earth Song,158,2025-10-21 02:03:18
428,You Are Not Alone,161,2025-10-21 02:03:18
429,P.Y.T. (Pretty Young Thing),152,2025-10-21 02:03:18
430,Bad,163,2025-10-21 02:03:18
431,The Way You Make Me Feel,163,2025-10-21 02:03:18
432,Remember the Time,154,2025-10-21 02:03:18
433,Will You Be There (Single Version),154,2025-10-21 02:03:18
434,Off the Wall,153,2025-10-21 02:03:18
435,Don't Stop 'Til You Get Enough,154,2025-10-21 02:03:18
436,Wanna Be Startin' Somethin' (Single Version),154,2025-10-21 02:03:18
437,You Rock My World (Radio Edit),164,2025-10-21 02:03:18
438,Billie Jean (Single Version),154,2025-10-21 02:03:18
439,Workin' Day and Night,153,2025-10-21 02:03:18
440,Michael Jackson,165,2025-10-21 02:03:18
441,Rock With You (Single Version),154,2025-10-21 02:03:18
442,Baby Be Mine,152,2025-10-21 02:03:18
443,Jam,155,2025-10-21 02:03:18
444,Black or White,155,2025-10-21 02:03:18
445,In the Closet,155,2025-10-21 02:03:18
446,Liberian Girl,163,2025-10-21 02:03:18
447,I Can't Help It,153,2025-10-21 02:03:18
448,Here Comes the Sun,166,2025-10-21 02:03:18
449,Yesterday,167,2025-10-21 02:03:18
450,In My Life,168,2025-10-21 02:03:18
451,Let It Be,169,2025-10-21 02:03:18
452,Hey Jude,170,2025-10-21 02:03:18
453,John Sinclair (Ultimate Mix / Extended),171,2025-10-21 02:03:18
454,Born In A Prison (Ultimate Mix),171,2025-10-21 02:03:18
455,We're All Water (Ultimate Mix),171,2025-10-21 02:03:18
456,Come Together,166,2025-10-21 02:03:18
457,"Sisters, O Sisters (Ultimate Mix)",171,2025-10-21 02:03:18
458,Attica State (Ultimate Mix),171,2025-10-21 02:03:18
459,The Luck Of The Irish (Ultimate Mix),171,2025-10-21 02:03:18
460,New York City (Ultimate Mix),171,2025-10-21 02:03:18
461,Angela (Ultimate Mix),171,2025-10-21 02:03:18
462,Sunday Bloody Sunday (Ultimate Mix / Extended),171,2025-10-21 02:03:18
463,Blackbird,172,2025-10-21 02:03:18
464,Twist and Shout,173,2025-10-21 02:03:18
465,Eleanor Rigby,174,2025-10-21 02:03:18
466,Help!,167,2025-10-21 02:03:18
467,"Ob-La-Di, Ob-La-Da",172,2025-10-21 02:03:18
468,Strawberry Fields Forever,175,2025-10-21 02:03:18
469,I Want to Hold Your Hand,176,2025-10-21 02:03:18
470,Lucy In the Sky with Diamonds,177,2025-10-21 02:03:18
471,And I Love Her,178,2025-10-21 02:03:18
472,While My Guitar Gently Weeps,172,2025-10-21 02:03:18
473,Something,166,2025-10-21 02:03:18
474,Don't Let Me Down,170,2025-10-21 02:03:18
475,I Saw Her Standing There,173,2025-10-21 02:03:18
476,Yellow Submarine,179,2025-10-21 02:03:18
477,A Hard Day's Night,178,2025-10-21 02:03:18
478,All My Loving,180,2025-10-21 02:03:18
479,Eight Days a Week,181,2025-10-21 02:03:18
480,Can't Buy Me Love,178,2025-10-21 02:03:18
481,Ticket to Ride,167,2025-10-21 02:03:18
482,Penny Lane,175,2025-10-21 02:03:18
483,Here Comes the Sun (2019 Mix),182,2025-10-21 02:03:18
484,"Hello, Goodbye",175,2025-10-21 02:03:18
485,Michelle,168,2025-10-21 02:03:18
486,Norwegian Wood (This Bird Has Flown),168,2025-10-21 02:03:18
487,Money (That's What I Want) [RM7 Undubbed],183,2025-10-21 02:03:18
488,This Boy (Takes 12 And 13),183,2025-10-21 02:03:18
489,In My Life (Take 1),183,2025-10-21 02:03:18
490,Hey Bulldog (Take 4 - Instrumental),183,2025-10-21 02:03:18
491,Julia (Two Rehearsals),183,2025-10-21 02:03:18
492,Real Love (2025 Mix),183,2025-10-21 02:03:18
493,Now And Then,183,2025-10-21 02:03:18
494,Nowhere Man,168,2025-10-21 02:03:18
495,I Am the Walrus,175,2025-10-21 02:03:18
496,Across the Universe,169,2025-10-21 02:03:18
497,Get Back,169,2025-10-21 02:03:18
498,One More Time,184,2025-10-21 02:03:18
499,Get Lucky,185,2025-10-21 02:03:18
500,Around the World,186,2025-10-21 02:03:18
501,Harder Better Faster Stronger,184,2025-10-21 02:03:18
502,Instant Crush,187,2025-10-21 02:03:18
503,I Feel It Coming (feat. Daft Punk),188,2025-10-21 02:03:18
504,Lose Yourself to Dance,189,2025-10-21 02:03:18
505,Technologic,190,2025-10-21 02:03:18
506,Something About Us,184,2025-10-21 02:03:18
507,Veridis Quo,184,2025-10-21 02:03:18
508,Digital Love,184,2025-10-21 02:03:18
509,Da Funk,186,2025-10-21 02:03:18
510,Doin' it Right,191,2025-10-21 02:03:18
511,Daft Punk,192,2025-10-21 02:03:18
512,Daft Punk,193,2025-10-21 02:03:18
513,Robot Rock,190,2025-10-21 02:03:18
514,Starboy (feat. Daft Punk),188,2025-10-21 02:03:18
515,Face to Face,184,2025-10-21 02:03:18
516,"Around the World / Harder, Better, Faster, Stronger (Live)",194,2025-10-21 02:03:18
517,Aerodynamic,184,2025-10-21 02:03:18
518,Give Life Back to Music,195,2025-10-21 02:03:18
519,Voyager,184,2025-10-21 02:03:18
520,Giorgio by Moroder,195,2025-10-21 02:03:18
521,Daft Punk,196,2025-10-21 02:03:18
522,Around the World (Radio Edit),197,2025-10-21 02:03:18
523,End of Line,198,2025-10-21 02:03:18
524,Daft Punk,199,2025-10-21 02:03:18
525,Superheroes,184,2025-10-21 02:03:18
526,Fragments of Time,200,2025-10-21 02:03:18
527,I Feel It Coming (feat. Daft Punk),188,2025-10-21 02:03:18
528,Touch,201,2025-10-21 02:03:18
529,I Feel It Coming (feat. Daft Punk),202,2025-10-21 02:03:18
530,Derezzed,198,2025-10-21 02:03:18
531,Daft Punk (feat. ZENE THE ZILLA),203,2025-10-21 02:03:18
532,The Game of Love,195,2025-10-21 02:03:18
533,Within,195,2025-10-21 02:03:18
534,Get Lucky,204,2025-10-21 02:03:18
535,High Life,184,2025-10-21 02:03:18
536,Motherboard,195,2025-10-21 02:03:18
537,Contact,195,2025-10-21 02:03:18
538,Beyond,195,2025-10-21 02:03:18
539,Crescendolls,184,2025-10-21 02:03:18
540,Nightvision,184,2025-10-21 02:03:18
541,The Son of Flynn,198,2025-10-21 02:03:18
542,Around the World,205,2025-10-21 02:03:18
543,Too Long,184,2025-10-21 02:03:18
544,End of Line,206,2025-10-21 02:03:18
545,Get Lucky (Radio Edit),207,2025-10-21 02:03:18
546,Infinity Repeating (2013 Demo),208,2025-10-21 02:03:18
